H,K,ER Cost,ER Time (s),BA Cost,BA Time (s)
1,1,28.980292575154454,3.615736335515976,4.591742189787328,3.1661978075280786
1,3,28.43032570555806,9.165477814152837,3.1863856688141823,4.745955764316022
1,5,27.771771271969193,21.676803818903863,3.240032341890037,18.272387196309865
2,1,28.980292575154454,3.491113116964698,4.591742189787328,1.4269958073273301
2,3,28.168643118138426,6.906126535497606,3.3919450528919697,10.596556328237057
2,5,29.036523923906497,20.882309524342418,3.2951762547716497,16.297316258773208
3,1,28.980292575154454,2.0651839934289455,4.591742189787328,1.0956275751814246
3,3,27.740810340153985,4.572337000630796,3.3919450528919697,3.6060115518048406
3,5,28.795938838529402,0.8638350497931242,3.304117961041629,0.7431326238438487
