Model,ER Cost,BA Cost
GAEC Baseline,25.746410871553234,3.352557880990207
Standard Double DQN GNN,54.15899091777392,6.485344175994396
Co-Adapted Active MPC GNN,28.795938838529402,3.304117961041629
