dataset,algo,multicut_cost,multicut_cost_std,n_nodes,n_instances
er_n20,gaec,3.684813674159814,1.408211365114754,20,50
ba_n20,gaec,1.3059978724177927,0.6813524476237128,20,50
er_n40,gaec,27.2186046098738,3.818882958005018,40,50
ba_n40,gaec,2.614613622651086,1.040722061546608,40,50
er_n60,gaec,73.25936101923143,6.040962035712457,60,50
ba_n60,gaec,4.07009619057033,1.2621089658770615,60,50
